,english_word,hindi_word,polarity
0,abundant,हुस्न,positive
1,accessible,सुलभ,positive
2,accomplish,पूरा,positive
3,accomplished,पूरा,positive
4,accomplishment,उपलब्धि,positive
5,accomplishments,उपलब्धियों,positive
6,accurate,सटीक,positive
7,accurately,यथासंभव,positive
8,achievement,उपलब्धि,positive
9,achievements,उपलब्धियाँ,positive
10,acumen,कौशल,positive
11,adjustable,समायोजनीय,positive
12,admirable,प्रशंसनीय,positive
13,abundant,हुस्न,positive
14,accessible,सुलभ,positive
15,accomplish,पूरा,positive
16,accomplished,पूरा,positive
17,accomplishment,उपलब्धि,positive
18,accomplishments,उपलब्धियों,positive
19,accurate,सटीक,positive
20,accurately,यथासंभव,positive
21,achievement,उपलब्धि,positive
22,achievements,उपलब्धियाँ,positive
23,acumen,कौशल,positive
24,adjustable,समायोजनीय,positive
25,admirable,प्रशंसनीय,positive
26,admire,प्रशंसा,positive
27,admirer,प्रशंसक,positive
28,adorable,प्यारे,positive
29,adore,प्यार,positive
30,advanced,उन्नत,positive
31,advantage,लाभ,positive
32,advantages,लाभ,positive
33,advocates,हिन्दुत्व,positive
34,affection,स्नेह,positive
35,affinity,संबंध,positive
36,affirmative,सकारात्मक,positive
37,afford,बर्दाश्त,positive
38,affordable,किफायती,positive
39,agile,एजाइल,positive
40,agility,की,positive
41,all-around,all-around,positive
42,alluring,सम्मोहक,positive
43,amaze,आश्चर्यचकित,positive
44,amazed,हैरान,positive
45,amazing,अद्भुत,positive
46,amazingly,आश्चर्यजनक,positive
47,ambitious,महत्वाकांक्षी,positive
48,ample,पर्याप्त,positive
49,angel,परी,positive
50,angelic,ऐंजेलिक,positive
51,appeal,अपील,positive
52,appealing,ऐसे,positive
53,appreciate,की,positive
54,appreciated,सराहना,positive
55,appropriate,उपयुक्त,positive
56,approval,अनुमोदन,positive
57,approve,अनुमोदन,positive
58,aspire,अस्पायर,positive
59,assurance,आश्वासन,positive
60,assurances,आश्वासन,positive
61,assuring,सुनिश्चित,positive
62,astonished,बडा,positive
63,astonishing,चौंकाने,positive
64,astounding,आश्चर्यजनक,positive
65,attentive,सचेत,positive
66,attraction,आकर्षण,positive
67,attractive,आकर्षक,positive
68,attractively,आकर्षक,positive
69,auspicious,बनाते,positive
70,authentic,प्रामाणिक,positive
71,autonomous,खुला,positive
72,available,उपलब्ध,positive
73,award,पुरस्कार,positive
74,awarded,से,positive
75,awards,पुरस्कार,positive
76,awe,कर,positive
77,awesome,बेहतरीन,positive
78,awsome,कमाल,positive
79,backbone,मेरुदंड,positive
80,balanced,संतुलित,positive
81,bargain,सौदा,positive
82,beautiful,सुंदर,positive
83,beautifully,खूबसूरती,positive
84,beautify,शोभा,positive
85,beauty,सौंदर्य,positive
86,beloved,प्रिय,positive
87,beneficial,फायदेमंद,positive
88,beneficiary,लाभार्थी,positive
89,benefit,लाभ,positive
90,benefits,लाभ,positive
91,best,सर्वश्रेष्ठ,positive
92,best-known,best-known,positive
93,best-performing,best-performing,positive
94,best-selling,best-selling,positive
95,better,बेहतर,positive
96,better-known,better-known,positive
97,better-than-expected,better-than-expected,positive
98,bless,आशीर्वाद,positive
99,blessing,आशीर्वाद,positive
100,bliss,आनंद,positive
101,blossom,खिलना,positive
102,bolster,ग्लोबस,positive
103,bonus,बोनस,positive
104,bonuses,बोनस,positive
105,boom,बूम,positive
106,booming,रहा,positive
107,boost,को,positive
108,brainy,जानिए,positive
109,brand-new,brand-new,positive
110,brave,बहादुर,positive
111,bravo,ब्रावो,positive
112,breathtaking,लुभावनी,positive
113,breeze,मंद,positive
114,bright,चमकीले,positive
115,brighten,चमकाने,positive
116,brilliance,ब्रिलिएंस,positive
117,brilliant,चमकदार,positive
118,brisk,तेज़ी,positive
119,brotherly,भाई,positive
120,calm,शांति,positive
121,capability,क्षमता,positive
122,capable,योग्य,positive
123,captivating,मनोरम,positive
124,carefree,तनावमुक्त,positive
125,celebrate,का,positive
126,celebrated,मनाया,positive
127,celebration,जश्न,positive
128,champ,विजेता,positive
129,champion,चैंपियन,positive
130,charisma,आकर्षण,positive
131,charismatic,करिश्माई,positive
132,charitable,धर्मार्थ,positive
133,charm,आकर्षण,positive
134,charming,आकर्षक,positive
135,cheaper,सस्ता,positive
136,cheapest,सस्ता,positive
137,cheer,खुश,positive
138,cheerful,खूबसूरत,positive
139,chic,फैशनेबल,positive
140,clarity,स्पष्टता,positive
141,classic,क्लासिक,positive
142,classy,सर्वोत्कृष्ट,positive
143,clean,साफ,positive
144,cleaner,क्लीनर,positive
145,cleanliness,स्वच्छता,positive
146,clear,स्पष्ट,positive
147,clear-cut,clear-cut,positive
148,cleared,मिट,positive
149,clearly,स्पष्ट,positive
150,clever,चालाक,positive
151,colorful,रंगीन,positive
152,comfort,आराम,positive
153,comfortable,आरामदायक,positive
154,comfortably,आराम,positive
155,comfy,आरामदायक,positive
156,commitment,वचनबद्धता,positive
157,compact,कॉम्पैक्ट,positive
158,compassion,करुणा,positive
159,compassionate,दयावान,positive
160,compatible,अनुकूल,positive
161,competitive,प्रतिस्पर्धी,positive
162,complement,पूरक,positive
163,complementary,पूरक,positive
164,complements,पूरक,positive
165,compliant,अनुरूप,positive
166,compliment,प्रशंसा,positive
167,complimentary,निशुल्क,positive
168,comprehensive,व्यापक,positive
169,concise,संक्षिप्त,positive
170,confidence,आत्मविश्वास,positive
171,congratulation,बधाई,positive
172,congratulations,बधाई,positive
173,consistent,संगत,positive
174,consistently,लगातार,positive
175,constructive,रचनात्मक,positive
176,continuity,कंटीन्यूटी,positive
177,contribution,योगदान,positive
178,convenience,सुविधा,positive
179,convenient,सुविधाजनक,positive
180,convincing,ठोस,positive
181,cool,कूल,positive
182,coolest,ठंडा,positive
183,cooperative,अधिक,positive
184,cornerstone,आधारशिला,positive
185,correct,सही,positive
186,correctly,सही,positive
187,cost-effective,cost-effective,positive
188,cost-saving,cost-saving,positive
189,courage,साहस,positive
190,courageous,साहसी,positive
191,courteous,विनम्र,positive
192,covenant,प्रण,positive
193,cozy,आरामदायक,positive
194,creative,रचनात्मक,positive
195,credible,प्रामाणिक,positive
196,crisp,कड़क,positive
197,cure,इलाज,positive
198,cure-all,cure-all,positive
199,cute,प्यारा,positive
200,daring,साहसी,positive
201,darling,डार्लिंग,positive
202,dawn,सूर्योदय,positive
203,dazzle,चमक,positive
204,dazzling,चमकदार,positive
205,dead-on,dead-on,positive
206,decent,सभ्य,positive
207,decisive,निर्णायक,positive
208,dedicated,समर्पित,positive
209,defeat,सबसे,positive
210,defeated,जानवर,positive
211,defeating,को,positive
212,delicate,कोमलता,positive
213,delicious,स्वादिष्ट,positive
214,delight,डिलाईट,positive
215,dependable,विश्वसनीय,positive
216,desirable,वांछनीय,positive
217,desiring,की,positive
218,destiny,भाग्य,positive
219,dignity,इज्जत,positive
220,dirt-cheap,dirt-cheap,positive
221,distinguished,प्रतिष्ठित,positive
222,divine,डीवाइन,positive
223,dominated,छाई,positive
224,dummy-proof,dummy-proof,positive
225,durable,टिकाऊ,positive
226,dynamic,गतिशील,positive
227,eager,उत्सुक,positive
228,eagerly,बेसब्री,positive
229,ease,सरलता,positive
230,easier,इतना,positive
231,easiest,सबसे,positive
232,easing,बैंक,positive
233,easy,आसान,positive
234,easy-to-use,easy-to-use,positive
235,economical,किफायती,positive
236,educated,शिक्षित,positive
237,effective,प्रभावी,positive
238,effectively,से,positive
239,effectiveness,प्रभावशीलता,positive
240,efficient,कुशल,positive
241,efficiently,इनके,positive
242,effusion,बहाव,positive
243,elan,जोश,positive
244,elegance,भव्यता,positive
245,elegant,सुंदर,positive
246,elevate,भा,positive
247,elite,इलीट,positive
248,eminent,प्रख्यात,positive
249,empower,को,positive
250,empowerment,अधिकारिता,positive
251,enchanting,करामाती,positive
252,encourage,प्रोत्साहित,positive
253,encouragement,प्रोत्साहित,positive
254,encouraging,उत्साहजनक,positive
255,endorse,समर्थन,positive
256,endorsed,समर्थित,positive
257,endorsement,परांकन,positive
258,energy-efficient,energy-efficient,positive
259,energy-saving,energy-saving,positive
260,engaging,आकर्षक,positive
261,enhance,को,positive
262,enhanced,संवर्धित,positive
263,enhancement,वृद्धि,positive
264,enhances,रंग,positive
265,enjoy,का,positive
266,enjoyable,आनंददायक,positive
267,enjoyed,मज़ा,positive
268,enjoying,का,positive
269,enjoyment,गुल,positive
270,enlightenment,आत्मज्ञान,positive
271,enough,पर्याप्त,positive
272,enrich,वाले,positive
273,entertain,मनोरंजन,positive
274,entertaining,मनोरंजक,positive
275,enthusiast,उत्साही,positive
276,enthusiastic,उत्साही,positive
277,entice,प्रलोभन,positive
278,enticing,की,positive
279,envious,सम्मोहक,positive
280,envy,ईर्ष्या,positive
281,ethical,नैतिक,positive
282,everlasting,सदाबहार,positive
283,exceed,पार,positive
284,exceeded,पार,positive
285,exceeding,से,positive
286,exceeds,से,positive
287,excel,एक्सेल,positive
288,excellence,श्रेष्ठता,positive
289,excellent,उत्कृष्ट,positive
290,excellently,विशेष,positive
291,exceptional,असाधारण,positive
292,exceptionally,विशि‍ष्ट,positive
293,excited,उत्तेजित,positive
294,excitement,रोमांच,positive
295,exciting,रोमांचक,positive
296,exquisite,उत्कृष्ट,positive
297,extraordinary,असाधारण,positive
298,eye-catching,मनमोहक,positive
299,fabulous,शानदार,positive
300,fair,मेला,positive
301,fairly,काफी,positive
302,fairness,निष्पक्षता,positive
303,faith,विश्वास,positive
304,faithful,वफादार,positive
305,faithfully,विश्वासपात्र,positive
306,fame,फेम,positive
307,famous,प्रसिद्ध,positive
308,fancier,अधिक,positive
309,fancy,फैंसी,positive
310,fans,प्रशंसकों,positive
311,fantastic,शानदार,positive
312,fascinate,मोहित,positive
313,fascinating,दिलचस्प,positive
314,fashionable,फैशनेबल,positive
315,fast,तेज,positive
316,fast-paced,fast-paced,positive
317,faster,तेज,positive
318,fastest,तेज,positive
319,fav,मनपसंद,positive
320,fave,पक्ष,positive
321,favor,अहसान,positive
322,favorable,अनुकूल,positive
323,favorite,पसंदीदा,positive
324,favour,पक्ष,positive
325,fearless,दंबगों,positive
326,feat,फीट,positive
327,feature-rich,feature-rich,positive
328,feisty,साहसी,positive
329,fertile,फ़र्टाइल,positive
330,festive,जलवा,positive
331,fidelity,निष्ठा,positive
332,fiery,तेजस्वी,positive
333,fine,ठीक,positive
334,finely,से,positive
335,finer,बेहतर,positive
336,finest,बेहतरीन,positive
337,first-class,first-class,positive
338,first-rate,first-rate,positive
339,flattering,प्रशंसनीय,positive
340,flawless,फ्लॉलेस,positive
341,flexibility,लचीलेपन,positive
342,flexible,लचीला,positive
343,fluent,निपुण,positive
344,flutter,स्पंदन,positive
345,fond,शौकीन,positive
346,foremost,महत्वपूर्ण,positive
347,fortunate,भाग्यशाली,positive
348,fortunately,सौभाग्य,positive
349,fortune,भाग्य,positive
350,free,नि,positive
351,freedom,स्वतंत्रता,positive
352,fresh,ताजा,positive
353,friendly,अनुकूल,positive
354,fulfillment,पूर्ति,positive
355,fun,मजेदार,positive
356,futuristic,भविष्यउन्मुखी,positive
357,gain,बढ़ना,positive
358,gained,कर,positive
359,gains,मजबूत,positive
360,galore,प्रचुर,positive
361,gem,रत्न,positive
362,gems,रत्न,positive
363,generous,उदार,positive
364,genius,प्रतिभा,positive
365,gentle,जेंटल,positive
366,genuine,असली,positive
367,gifted,प्रतिभाशाली,positive
368,glad,खुशी,positive
369,glamorous,आपके,positive
370,glitter,चमकीली,positive
371,glitz,तड़क,positive
372,glorify,को,positive
373,glory,ग्लोरी,positive
374,glow,चमक,positive
375,glowing,चमकना,positive
376,god-send,god-send,positive
377,godsend,का,positive
378,gold,सोना,positive
379,golden,गोल्डन,positive
380,good,अच्छा,positive
381,goodness,अच्छाई,positive
382,gorgeous,खूबसूरत,positive
383,grace,ग्रेस,positive
384,graceful,गरीमामय,positive
385,gracious,विनीत,positive
386,grand,ग्रैंड,positive
387,grateful,आभारी,positive
388,gratifying,संतुष्टिदायक,positive
389,gratitude,नम,positive
390,great,महान,positive
391,greatest,महान,positive
392,greatness,महानता,positive
393,grin,मुसकुराहट,positive
394,groundbreaking,अभूतपूर्व,positive
395,guarantee,गारंटी,positive
396,guidance,मार्गदर्शन,positive
397,gusto,जोश,positive
398,hail,जय,positive
399,hallmark,प्रमाण,positive
400,hands-down,hands-down,positive
401,handsome,सुंदर,positive
402,handy,सुलभ,positive
403,happier,खुश,positive
404,happily,खुशी,positive
405,happiness,खुशी,positive
406,happy,खुश,positive
407,hard-working,hard-working,positive
408,hardy,पीछे,positive
409,harmless,हानिरहित,positive
410,harmony,मेल,positive
411,heal,चंगा,positive
412,healthy,स्वस्थ,positive
413,heartwarming,दिली,positive
414,heaven,स्वर्ग,positive
415,heavenly,अलौकिक,positive
416,helped,कुछ,positive
417,helpful,सहायक,positive
418,helping,मदद,positive
419,hero,हीरो,positive
420,heroine,हीरोइन,positive
421,high-quality,high-quality,positive
422,hilarious,प्रफुल्लित,positive
423,holy,पवित्र,positive
424,homage,जलसा,positive
425,honest,ईमानदार,positive
426,honesty,ईमानदारी,positive
427,honor,सम्मान,positive
428,honorable,सम्मानित,positive
429,honored,सम्मानित,positive
430,hooray,हुर्रे,positive
431,hopeful,अच्छा,positive
432,hot,गर्म,positive
433,hottest,हॉटैस्ट,positive
434,hug,आलिंगन,positive
435,humane,मानव,positive
436,humble,विनम्र,positive
437,humor,हास्य,positive
438,ideal,आदर्श,positive
439,ideally,आदर्श,positive
440,idol,आइडल,positive
441,imaginative,इमेजनेटिव,positive
442,immaculate,त्रुटिहीन,positive
443,immense,विशाल,positive
444,important,महत्वपूर्ण,positive
445,impress,प्रभावित,positive
446,impressed,प्रभावित,positive
447,impressive,प्रभावशील,positive
448,improve,में,positive
449,improved,सुधार,positive
450,improvement,सुधार,positive
451,improvements,सुधार,positive
452,improves,शारीरिक,positive
453,incredible,अविश्वसनीय,positive
454,incredibly,अविश्वसनीय,positive
455,inexpensive,सस्ती,positive
456,infallible,अचूक,positive
457,influential,प्रभावशाली,positive
458,innovation,नवाचार,positive
459,innovative,नवीन,positive
460,insightful,पुरे,positive
461,inspiration,प्रेरणा,positive
462,inspirational,प्रेरणादायक,positive
463,inspire,प्रेरित,positive
464,inspiring,प्रेरक,positive
465,instantly,तुरन्त,positive
466,integral,एकीकृत,positive
467,integrated,एकीकृत,positive
468,intelligence,बुद्धि,positive
469,intelligent,बुद्धिमान,positive
470,interesting,दिलचस्प,positive
471,interests,हितों,positive
472,intimacy,अंतरंगता,positive
473,intimate,इंटीमेट,positive
474,intricate,बारीक,positive
475,intriguing,पेचीदा,positive
476,intuitive,मज़ेदार,positive
477,invincible,अजेय,positive
478,irresistible,प्रबल,positive
479,issue-free,issue-free,positive
480,jaw-dropping,jaw-dropping,positive
481,jolly,जॉली,positive
482,joy,आनन्द,positive
483,keen,उतावला,positive
484,kid-friendly,kid-friendly,positive
485,kindly,कृपया,positive
486,kindness,दया,positive
487,knowledgeable,ज्ञान,positive
488,kudos,तारीफ,positive
489,large-capacity,large-capacity,positive
490,law-abiding,law-abiding,positive
491,lawful,विधिमान्य,positive
492,lead,नेतृत्व,positive
493,leading,प्रमुख,positive
494,leads,आगे,positive
495,lean,दुबला,positive
496,led,श्रेष्ठ,positive
497,legendary,पौराणिक,positive
498,leverage,लाभ,positive
499,liberate,पाप,positive
500,liberty,लिबर्टी,positive
501,lighter,हल्का,positive
502,like,की,positive
503,liked,पसंद,positive
504,likes,पसंद,positive
505,liking,पसंद,positive
506,lively,जीवंत,positive
507,logical,तार्किक,positive
508,long-lasting,long-lasting,positive
509,love,प्यार,positive
510,loved,प्यार,positive
511,lovely,प्यारा,positive
512,lover,प्रेमी,positive
513,loves,प्यार,positive
514,loving,प्यार,positive
515,low-cost,low-cost,positive
516,low-price,low-price,positive
517,low-priced,low-priced,positive
518,low-risk,low-risk,positive
519,lower-priced,lower-priced,positive
520,loyal,वफादार,positive
521,loyalty,वफादारी,positive
522,lucid,स्पष्ट,positive
523,luck,भाग्य,positive
524,lucky,भाग्यशाली,positive
525,luminous,चमकदार,positive
526,lush,रसीला,positive
527,luster,आभा,positive
528,luxury,लग्ज़री,positive
529,magic,जादू,positive
530,magical,जादुई,positive
531,magnificent,शानदार,positive
532,majestic,आलीशान,positive
533,marvel,अचंभा,positive
534,marvellous,अद्भुत,positive
535,marvelous,लजीज,positive
536,master,मास्टर,positive
537,masterpiece,मास्टरपीस,positive
538,masters,स्वामी,positive
539,mature,परिपक्व,positive
540,maturity,परिपक्वता,positive
541,memorable,यादगार,positive
542,merciful,दयालु,positive
543,mercy,दया,positive
544,merit,शिक्षक,positive
545,merry,मैरी,positive
546,mesmerizing,मन,positive
547,meticulous,सूक्ष्म,positive
548,mighty,पराक्रमी,positive
549,mind-blowing,जो,positive
550,miracle,चमत्कार,positive
551,miracles,चमत्कारों,positive
552,miraculous,तिलस्मी,positive
553,modern,आधुनिक,positive
554,modesty,इस,positive
555,monumental,यादगार,positive
556,morality,नैतिकता,positive
557,motivated,प्रेरित,positive
558,multi-purpose,multi-purpose,positive
559,neat,साफ,positive
560,neatly,अच्छे,positive
561,nice,अच्छा,positive
562,nicely,अच्छी,positive
563,noble,नोबल,positive
564,non-violent,non-violent,positive
565,noteworthy,उल्लेखनीय,positive
566,oasis,ओएसिस,positive
567,obsession,जूनून,positive
568,openly,का,positive
569,optimal,इष्टतम,positive
570,optimism,आशावाद,positive
571,optimistic,आशावादी,positive
572,orderly,व्यवस्थित,positive
573,outdone,ने,positive
574,outperform,सोकर,positive
575,outstanding,बकाया,positive
576,ovation,ओवेशन,positive
577,pain-free,pain-free,positive
578,painless,दर्दरहित,positive
579,paradise,स्वर्ग,positive
580,pardon,माफी,positive
581,passion,जुनून,positive
582,passionate,जुनूनी,positive
583,patience,धैर्य,positive
584,patient,रोगी,positive
585,patriot,देशभक्ति,positive
586,peace,शांति,positive
587,peaceful,शांतिपूर्ण,positive
588,peach,आड़ू,positive
589,pep,उत्साहवर्धक,positive
590,peppy,जोशीले,positive
591,perfect,सही,positive
592,perfection,से,positive
593,perfectly,सही,positive
594,personalized,निजीकृत,positive
595,phenomenal,अद्भुत,positive
596,piety,पुण्यशीलता,positive
597,playful,चंचल,positive
598,pleasant,सुखद,positive
599,pleasantly,सुख,positive
600,pleased,खुश,positive
601,pleasure,खुशी,positive
602,plush,हमेशा,positive
603,poise,संतुलन,positive
604,polished,पॉलिश्ड,positive
605,polite,विनम्र,positive
606,popular,लोकप्रिय,positive
607,portable,पोर्टेबल,positive
608,posh,बढि़या,positive
609,positive,सकारात्मक,positive
610,positively,सकारात्मक,positive
611,powerful,शक्तिशाली,positive
612,praise,आरती,positive
613,precious,कीमती,positive
614,precise,सटीक,positive
615,precisely,ठीक,positive
616,prefer,क्या,positive
617,preferable,बेहतर,positive
618,prefers,हम,positive
619,premier,प्रीमियर,positive
620,prestigious,प्रतिष्ठित,positive
621,pretty,सुंदर,positive
622,priceless,अमूल्य,positive
623,pride,गर्व,positive
624,privilege,सौभाग्य,positive
625,prize,पुरस्कार,positive
626,problem-free,problem-free,positive
627,productive,उत्पादक,positive
628,proficient,कुशल,positive
629,profoundly,पूरी,positive
630,progress,प्रगति,positive
631,progressive,प्रगतिशील,positive
632,prominent,प्रमुख,positive
633,promise,वादा,positive
634,promised,वादा,positive
635,promises,वादे,positive
636,promoter,प्रमोटर,positive
637,prompt,त्वरित,positive
638,promptly,तुरंत,positive
639,proper,उचित,positive
640,properly,सही,positive
641,pros,प्रॉस,positive
642,prosper,समृद्ध,positive
643,prosperity,समृद्धि,positive
644,prosperous,खुशहाल,positive
645,protect,रक्षा,positive
646,protection,सुरक्षा,positive
647,protective,सुरक्षात्मक,positive
648,proud,गर्व,positive
649,proven,सिद्ध,positive
650,proves,साबित,positive
651,punctual,पाबंदी,positive
652,pure,शुद्ध,positive
653,qualified,सुयोग्य,positive
654,qualify,अर्हता,positive
655,quiet,शांत,positive
656,radiance,लाता,positive
657,radiant,चमकीला,positive
658,rapid,तेज,positive
659,rational,तर्कसंगत,positive
660,razor-sharp,razor-sharp,positive
661,readable,पठनीय,positive
662,readily,आसानी,positive
663,ready,तैयार,positive
664,realistic,वास्तविक,positive
665,reasonable,उचित,positive
666,reasonably,उचित,positive
667,reclaim,प्राप्ति,positive
668,recomend,सुझाव,positive
669,recommend,सिफारिश,positive
670,recommendation,सिफारिश,positive
671,recommendations,सुझाव,positive
672,recommended,अनुशंसित,positive
673,reconcile,सामंजस्य,positive
674,reconciliation,सुलह,positive
675,recover,लगे,positive
676,recovery,रिकवरी,positive
677,rectify,सुधारने,positive
678,rectifying,का,positive
679,redeem,रीडीम,positive
680,redemption,मुक्ति,positive
681,refine,परिष्कृत,positive
682,reform,सुधार,positive
683,reforms,सुधार,positive
684,refresh,ताजा,positive
685,refreshed,रिफ्रेश,positive
686,refreshing,ताज़ी,positive
687,refund,वापसी,positive
688,refunded,वापिस,positive
689,regal,राजसी,positive
690,regard,संबंध,positive
691,rejuvenated,जोशपूर्ण,positive
692,relaxed,आराम,positive
693,reliable,विश्वसनीय,positive
694,relief,राहत,positive
695,remarkable,उल्लेखनीय,positive
696,remedy,उपाय,positive
697,renaissance,अ,positive
698,renowned,प्रसिद्ध,positive
699,replaceable,बदले,positive
700,reputation,प्रतिष्ठा,positive
701,respect,सम्मान,positive
702,respectful,सम्मानित,positive
703,responsibly,जिम्मेदारी,positive
704,responsive,जवाबदेह,positive
705,restored,सुधारा,positive
706,restructuring,पुनर्गठन,positive
707,revel,आनंद,positive
708,revelation,रहस्योद्घाटन,positive
709,revival,पुनरुद्धार,positive
710,revive,पुनर्जीवित,positive
711,revolutionary,क्रांतिकारी,positive
712,reward,इनाम,positive
713,rewarding,पुण्यमय,positive
714,rich,अमीर,positive
715,richness,होंगी,positive
716,right,सही,positive
717,righteousness,लक्ष्य,positive
718,rightfully,सही,positive
719,risk-free,risk-free,positive
720,robust,मजबूत,positive
721,rockstar,रॉकस्टार,positive
722,romantic,रोमांटिक,positive
723,safe,सुरक्षित,positive
724,safely,सुरक्षित,positive
725,saint,संत,positive
726,salute,सलाम,positive
727,sane,मत,positive
728,satisfactory,संतोषजनक,positive
729,satisfied,संतुष्ट,positive
730,satisfies,अपनी,positive
731,satisfying,संतोषजनक,positive
732,saver,सेवर,positive
733,savings,बचत,positive
734,savior,उद्धारकर्ता,positive
735,savvy,आज,positive
736,scenic,सुंदर,positive
737,seamless,अखंड,positive
738,secure,सुरक्षित,positive
739,securely,सुरक्षित,positive
740,selective,चयनात्मक,positive
741,self-sufficiency,self-sufficiency,positive
742,self-sufficient,self-sufficient,positive
743,sensation,सनसनी,positive
744,sensational,सनसनीखेज,positive
745,sensible,समझदार,positive
746,sensitive,संवेदनशील,positive
747,sexy,सेक्सी,positive
748,sharp,कोना,positive
749,sharper,के,positive
750,shine,चमक,positive
751,shiny,चमकीले,positive
752,significant,महत्वपूर्ण,positive
753,silent,मौन,positive
754,simpler,सरल,positive
755,simplest,सरल,positive
756,simplified,सरलीकृत,positive
757,simplifies,को,positive
758,sincere,हार्दिक,positive
759,sincerely,दिल,positive
760,skill,कौशल,positive
761,skilled,कुशल,positive
762,sleek,संकरे,positive
763,slick,स्लिक,positive
764,smart,स्मार्ट,positive
765,smarter,ज्यादा,positive
766,smartly,सुंदर,positive
767,smile,मुस्कुराओ,positive
768,smiles,मुस्कराती,positive
769,smiling,मुस्कुराते,positive
770,smooth,चिकना,positive
771,smoothly,सुचारु,positive
772,soft,नरम,positive
773,solace,सोलेस,positive
774,solid,ठोस,positive
775,soothe,को,positive
776,sophisticated,सोफिस्टिकेटिड,positive
777,spacious,बहुत,positive
778,sparkle,द्वारा,positive
779,sparkling,स्पार्कलिंग,positive
780,spectacular,शानदार,positive
781,speedy,तेज,positive
782,spiritual,आध्यात्मिक,positive
783,spontaneous,सहज,positive
784,sporty,स्पोरटी,positive
785,stability,स्थिरता,positive
786,stabilize,स्थिर,positive
787,stable,स्थिर,positive
788,stainless,स्टेनलेस,positive
789,state-of-the-art,state-of-the-art,positive
790,stately,आलीशान,positive
791,steadfast,स्टेडफास्ट,positive
792,steady,स्थिर,positive
793,stellar,तारकीय,positive
794,striking,आकर्षक,positive
795,striving,प्रयास,positive
796,strong,मजबूत,positive
797,stronger,मजबूत,positive
798,strongest,सबसे,positive
799,stunned,दंग,positive
800,stunning,आश्चर्यजनक,positive
801,stunningly,के,positive
802,sturdy,मज़बूत,positive
803,stylish,स्टाइलिश,positive
804,suave,वाले,positive
805,sublime,का,positive
806,succeed,सफल,positive
807,succeeded,सफल,positive
808,succes,सफलता,positive
809,success,सफलता,positive
810,successful,सफल,positive
811,successfully,सफलतापूर्वक,positive
812,sufficient,पर्याप्त,positive
813,sufficiently,पर्याप्त,positive
814,suitable,उपयुक्त,positive
815,super,सुपर,positive
816,superb,शानदार,positive
817,superior,बेहतर,positive
818,supple,नाजुक,positive
819,support,समर्थन,positive
820,supported,समर्थित,positive
821,supporter,सपोर्टर,positive
822,supporting,समर्थन,positive
823,supportive,सहयोगी,positive
824,supports,का,positive
825,supremacy,वर्चस्व,positive
826,supreme,सर्वोच्च,positive
827,survival,बचना,positive
828,survivor,उत्तरजीवी,positive
829,sustainability,स्थिरता,positive
830,sustainable,सतत,positive
831,swanky,शानदार,positive
832,sweeping,को,positive
833,sweet,मीठा,positive
834,sweetheart,मेरे,positive
835,sweetness,मिठास,positive
836,swift,स्विफ्ट,positive
837,talent,प्रतिभा,positive
838,talented,प्रतिभाशाली,positive
839,talents,प्रतिभा,positive
840,tender,टेंडर,positive
841,terrific,बहुत,positive
842,thank,धन्यवाद,positive
843,thankful,कृतज्ञ,positive
844,thoughtful,वैचारिक,positive
845,thoughtfulness,सावधानी,positive
846,thrift,किफायती,positive
847,thrill,रोमांच,positive
848,thrilled,रोमांचित,positive
849,thriving,फलते,positive
850,thumbs-up,thumbs-up,positive
851,tickle,गुदगुदी,positive
852,tidy,सुव्यवस्थित,positive
853,time-honored,time-honored,positive
854,timely,समय,positive
855,toll-free,toll-free,positive
856,top,शीर्ष,positive
857,top-notch,top-notch,positive
858,top-quality,top-quality,positive
859,tops,अव्वल,positive
860,tough,कड़ी,positive
861,traction,घर्षण,positive
862,transparent,पारदर्शी,positive
863,treasure,खजाना,positive
864,trendy,ट्रेंडी,positive
865,triumph,ट्राइंफ,positive
866,trophy,ट्रॉफी,positive
867,trouble-free,trouble-free,positive
868,trust,पर,positive
869,trusted,विश्वसनीय,positive
870,trustworthy,भरोसेमंद,positive
871,truthfully,सच,positive
872,ultra-crisp,ultra-crisp,positive
873,unabashed,आवरणरहति,positive
874,unbeatable,अद्वितीय,positive
875,uncomplicated,सरल,positive
876,unforgettable,अविस्मरणीय,positive
877,unity,एकता,positive
878,unlimited,असीमित,positive
879,unquestionably,मोहरा,positive
880,upgraded,अपग्रेडेड,positive
881,uplift,बनी,positive
882,uplifting,प्रेरक,positive
883,usable,प्रयोग,positive
884,useful,उपयोगी,positive
885,user-friendly,user-friendly,positive
886,user-replaceable,user-replaceable,positive
887,valuable,कीमती,positive
888,variety,किस्म,positive
889,versatile,चलन,positive
890,vibrant,जीवंत,positive
891,victory,जीत,positive
892,viewable,देख,positive
893,virtue,गुण,positive
894,virtuous,गुणी,positive
895,vivid,विशद,positive
896,warm,गर्म,positive
897,warmer,गर्म,positive
898,warmth,गर्माहट,positive
899,wealthy,धनी,positive
900,welcome,आपका,positive
901,well,अच्छी,positive
902,well-balanced,well-balanced,positive
903,well-behaved,well-behaved,positive
904,well-being,भलाई,positive
905,well-established,well-established,positive
906,well-informed,well-informed,positive
907,well-intentioned,well-intentioned,positive
908,well-known,well-known,positive
909,well-made,well-made,positive
910,well-mannered,well-mannered,positive
911,well-positioned,well-positioned,positive
912,well-received,well-received,positive
913,well-regarded,well-regarded,positive
914,well-rounded,well-rounded,positive
915,willing,हाजिरी,positive
916,win,जीत,positive
917,winner,विजेता,positive
918,winners,विजेताओं,positive
919,winning,विजेता,positive
920,wins,जीत,positive
921,wisdom,ज्ञान,positive
922,wise,बुद्धिमान,positive
923,wisely,बुद्धिमानी,positive
924,witty,मजाकिया,positive
925,won,जीता,positive
926,wonder,आश्चर्य,positive
927,wonderful,अद्भुत,positive
928,wonderfully,का,positive
929,wonders,आश्चर्य,positive
930,woo,वू,positive
931,work,काम,positive
932,worked,काम,positive
933,works,काम,positive
934,worth,लायक,positive
935,worthwhile,सार्थक,positive
936,worthy,लायक,positive
937,wow,वाह,positive
938,wowed,पाम,positive
939,yay,हां,positive
940,youthful,युवा,positive
941,zest,का,positive
942,abnormal,असामान्य,negative
943,aborted,फ्लेशिंग,negative
944,abrasive,संपर्क,negative
945,absence,अनुपस्थिति,negative
946,absent-minded,absent-minded,negative
947,absentee,अनुपस्थित,negative
948,abuse,दुरुपयोग,negative
949,abused,उत्पीड़न,negative
950,abusive,अपमानजनक,negative
951,accidental,दुर्घटना,negative
952,accusation,आरोप,negative
953,accuse,आरोप,negative
954,ache,में,negative
955,ached,पसीजा,negative
956,aches,का,negative
957,aching,दर्द,negative
958,addict,नशेड़ी,negative
959,addicted,आदी,negative
960,addicting,लत,negative
961,adverse,प्रतिकूल,negative
962,adversity,के,negative
963,afraid,डरना,negative
964,aggression,आक्रामकता,negative
965,aggressive,आक्रामक,negative
966,alarm,अलार्म,negative
967,allergic,एलर्जिक,negative
968,allergies,एलर्जी,negative
969,allergy,एलर्जी,negative
970,aloof,अलग,negative
971,ambiguous,अस्पष्ट,negative
972,anarchy,अराजकता,negative
973,anger,उबाल,negative
974,angry,गुस्सा,negative
975,annoy,परेशान,negative
976,annoyed,नाराज,negative
977,annoying,नखरीली,negative
978,annoys,गुस्सा,negative
979,antagonist,विलन,negative
980,anti-,anti-,negative
981,anti-american,anti-american,negative
982,anti-social,anti-social,negative
983,anxiety,चिंता,negative
984,anxious,उत्सुक,negative
985,apocalypse,सर्वनाश,negative
986,arbitrary,मनमाना,negative
987,arrogant,एरोगेंट,negative
988,ashamed,शर्मिंदा,negative
989,assassin,असैसिन,negative
990,assault,हमला,negative
991,atrocities,दुष्कर्म,negative
992,attack,हमला,negative
993,attacks,हमले,negative
994,avalanche,हिमस्खलन,negative
995,averse,के,negative
996,awful,बहुत,negative
997,awkward,अजीब,negative
998,ax,एएक्स,negative
999,backache,पीठदर्द,negative
1000,backward,पीछे,negative
1001,bad,बुरा,negative
1002,badly,बुरी,negative
1003,bankrupt,दिवालिया,negative
1004,bash,बैश,negative
1005,bastard,कमीने,negative
1006,bastards,कमीने,negative
1007,battered,पीड़ित,negative
1008,beg,भीख,negative
1009,beggar,भिखारी,negative
1010,begging,भीख,negative
1011,belated,विलम्बित,negative
1012,belligerent,जुझारू,negative
1013,bent,आमादा,negative
1014,bereavement,शोक,negative
1015,betrayal,धोखा,negative
1016,beware,सावधान,negative
1017,bewildering,विस्मयकारी,negative
1018,bias,पक्षपात,negative
1019,biased,पक्षपाती,negative
1020,biting,काटना,negative
1021,bitter,कड़वा,negative
1022,bizarre,विचित्र,negative
1023,blah,ब्ला,negative
1024,blame,दोष,negative
1025,bland,फीका,negative
1026,bleed,खून,negative
1027,bleeding,ब्लीडिंग,negative
1028,blemish,दाग,negative
1029,blind,अंधा,negative
1030,blister,छाला,negative
1031,bloated,ब्लोटेड,negative
1032,bloody,खूनी,negative
1033,blow,आघात,negative
1034,blunt,कुंद,negative
1035,blur,धुंधलापन,negative
1036,blurred,धुंधली,negative
1037,blurring,ब्लर्रिंग,negative
1038,bogus,पदों,negative
1039,boil,उबालने,negative
1040,boiling,उबलना,negative
1041,boisterous,मस्ती,negative
1042,bomb,बम,negative
1043,bombard,ने,negative
1044,bore,बोर,negative
1045,bored,ऊबना,negative
1046,boredom,बोरियत,negative
1047,boring,उबाऊ,negative
1048,bother,परेशान,negative
1049,bothering,परेशान,negative
1050,bothers,परेशान,negative
1051,boycott,बहिष्कार,negative
1052,brat,साहबजादा,negative
1053,breach,उल्लंघन,negative
1054,break,ब्रेक,negative
1055,break-up,break-up,negative
1056,break-ups,break-ups,negative
1057,breakdown,टूटना,negative
1058,breaking,ब्रेकिंग,negative
1059,breaks,टूट,negative
1060,bribery,ने,negative
1061,brittle,की,negative
1062,broke,तोड़,negative
1063,broken,टूटा,negative
1064,bruising,चोट,negative
1065,brutal,क्रूर,negative
1066,brute,पाशविक,negative
1067,bs,बी,negative
1068,buckle,बकल,negative
1069,bug,बग,negative
1070,buggy,बगी,negative
1071,bugs,कीड़े,negative
1072,bullies,बुलीज,negative
1073,bullshit,बकवास,negative
1074,bully,बुली,negative
1075,bullying,बदमाशी,negative
1076,bump,अर्चन,negative
1077,bumps,घाव,negative
1078,bunk,बंक,negative
1079,burden,बोझ,negative
1080,burn,जलाना,negative
1081,burned,फूंका,negative
1082,burning,जलना,negative
1083,burns,जला,negative
1084,bust,सीना,negative
1085,butcher,कसाई,negative
1086,calamities,आपदाएं,negative
1087,calamity,आपदा,negative
1088,cancer,कैंसर,negative
1089,cannibal,नरभक्षक,negative
1090,capricious,मौजी,negative
1091,careless,लापरवाह,negative
1092,caricature,कार्टून,negative
1093,carp,कार्प,negative
1094,casualty,घायल,negative
1095,catastrophe,तबाही,negative
1096,cave,गुफा,negative
1097,challenging,रहा,negative
1098,chaos,हलचल,negative
1099,cheap,सस्ते,negative
1100,cheat,धोखा,negative
1101,cheated,धोखा,negative
1102,cheating,धोखा,negative
1103,cheats,छिपा,negative
1104,childish,बचकाना,negative
1105,chill,चिल,negative
1106,chilly,मिर्च,negative
1107,chore,का,negative
1108,chronic,चिरकालिक,negative
1109,clogged,जाम,negative
1110,cloud,क्लाउड,negative
1111,cloudy,बादल,negative
1112,clueless,अंजान,negative
1113,clunky,भद्दी,negative
1114,coarse,अपरिष्कृत,negative
1115,coercion,मानस,negative
1116,cold,ठंड,negative
1117,collapse,ढहना,negative
1118,comical,आनंदप्रद,negative
1119,commotion,मची,negative
1120,complain,शिकायत,negative
1121,complaining,शिकायत,negative
1122,complaint,शिकायत,negative
1123,complaints,शिकायतें,negative
1124,complex,जटिल,negative
1125,complicated,जटिल,negative
1126,compulsive,बाध्यकारी,negative
1127,concern,चिंता,negative
1128,concerned,चिंतित,negative
1129,concerns,चिंता,negative
1130,confess,मानता,negative
1131,confession,गल्ती,negative
1132,confined,सीमित,negative
1133,conflict,संघर्ष,negative
1134,conflicting,विरोधाभाषी,negative
1135,conflicts,विरोधों,negative
1136,confounded,हैरान,negative
1137,confounding,गड़बड़ी,negative
1138,confused,उलझन,negative
1139,confusing,भ्रामक,negative
1140,confusion,असमंजस,negative
1141,congestion,रुकावट़,negative
1142,cons,विपक्ष,negative
1143,conservative,कंजर्वेटिव,negative
1144,conspicuous,प्रत्यक्ष,negative
1145,conspiracy,गहरी,negative
1146,consternation,घबराहट,negative
1147,contagious,संक्रामक,negative
1148,contaminated,गांव,negative
1149,contamination,संदूषण,negative
1150,contempt,अवहेलना,negative
1151,controversial,विवादास्पद,negative
1152,controversy,कंट्रोवर्सी,negative
1153,corrosion,जंग,negative
1154,corrosive,संक्षारक,negative
1155,corrupt,भ्रष्ट,negative
1156,corrupted,भ्रष्ट,negative
1157,corruption,भ्रष्टाचार,negative
1158,costlier,महंगे,negative
1159,costly,महंगा,negative
1160,counter-productive,counter-productive,negative
1161,crack,क्रैक,negative
1162,cracked,टूटी,negative
1163,cracks,दरार,negative
1164,crap,इस,negative
1165,crash,दुर्घटना,negative
1166,crashed,दुर्घटनाग्रस्त,negative
1167,crashes,करने,negative
1168,crashing,दुर्घटनाग्रस्त,negative
1169,crazy,पागल,negative
1170,creep,डरावना,negative
1171,creeping,रेंगती,negative
1172,creeps,चिंताएं,negative
1173,creepy,डरावने,negative
1174,crime,अपराध,negative
1175,criminal,आपराधिक,negative
1176,cripples,अपंग,negative
1177,crisis,संकट,negative
1178,critic,आलोचक,negative
1179,critical,महत्वपूर्ण,negative
1180,criticism,आलोचना,negative
1181,criticisms,रूढ़िवादि,negative
1182,criticizing,आलोचना,negative
1183,critics,आलोचकों,negative
1184,crook,बदमाश,negative
1185,crooked,कुटिल,negative
1186,crooks,बदमाश,negative
1187,crowded,भीड़,negative
1188,crude,कच्चा,negative
1189,cruelty,क्रूरता,negative
1190,crumbling,पेस्ट्री,negative
1191,crush,क्रश,negative
1192,crushed,कुचला,negative
1193,cry,रोना,negative
1194,curse,अभिशाप,negative
1195,cuss,कसम,negative
1196,damage,क्षति,negative
1197,damaged,क्षतिग्रस्त,negative
1198,damages,हर्जाना,negative
1199,damaging,को,negative
1200,damn,लानत,negative
1201,damned,अभिशप्त,negative
1202,danger,खतरा,negative
1203,dangerous,खतरनाक,negative
1204,dark,गहरा,negative
1205,darkness,अंधेरा,negative
1206,daze,डेज,negative
1207,dazed,घबराया,negative
1208,dead,मृत,negative
1209,deadly,घातक,negative
1210,deaf,बहरा,negative
1211,death,मृत्यु,negative
1212,debt,ऋण,negative
1213,debts,ऋण,negative
1214,decadent,अनैतिक,negative
1215,decay,क्षय,negative
1216,deceit,धोखा,negative
1217,deceitful,ये,negative
1218,deceive,धोखा,negative
1219,deceiving,धोखा,negative
1220,deception,ने,negative
1221,decline,गिरावट,negative
1222,declines,का,negative
1223,defamation,मानहानि,negative
1224,defect,दोष,negative
1225,defective,दोषपूर्ण,negative
1226,defects,दोष,negative
1227,defensive,रक्षात्मक,negative
1228,deficiencies,विकारों,negative
1229,deficiency,डेफिसिएंसी,negative
1230,defy,को,negative
1231,degeneration,अध,negative
1232,degradation,में,negative
1233,delay,देरी,negative
1234,delayed,देरी,negative
1235,delays,ऑपरेशन,negative
1236,delusion,की,negative
1237,demise,मौत,negative
1238,demon,दानव,negative
1239,denial,इनकार,negative
1240,denied,इनकार,negative
1241,dense,सघन,negative
1242,dents,खरोंच,negative
1243,deny,इनकार,negative
1244,deplete,खाली,negative
1245,depressed,उदास,negative
1246,depression,डिप्रेशन,negative
1247,deprived,वंचित,negative
1248,desert,रेगिस्तान,negative
1249,despair,निराशा,negative
1250,desperate,मायूस,negative
1251,desperation,हताशा,negative
1252,destroy,नष्ट,negative
1253,destruction,विनाश,negative
1254,destructive,विनाशकारी,negative
1255,deter,को,negative
1256,deterrent,निवारक,negative
1257,devastation,तबाही,negative
1258,deviation,विचलन,negative
1259,devil,शैतान,negative
1260,devious,कुटिल,negative
1261,devoid,रहित,negative
1262,dick,लंड,negative
1263,die,मरना,negative
1264,die-hard,die-hard,negative
1265,died,मर,negative
1266,dies,की,negative
1267,difficult,मुश्किल,negative
1268,difficulties,में,negative
1269,difficulty,बड़ी,negative
1270,dilemma,दुविधा,negative
1271,dim,मंद,negative
1272,dimmer,मद्धम,negative
1273,ding,डिंग,negative
1274,dings,खनखन,negative
1275,dire,डायर,negative
1276,dirt,वाली,negative
1277,dirty,गंदा,negative
1278,disable,निष्क्रिय,negative
1279,disabled,अक्षम,negative
1280,disadvantage,नुकसान,negative
1281,disadvantages,नुकसान,negative
1282,disagree,असहमत,negative
1283,disagreement,धक्कामुक्की,negative
1284,disappoint,को,negative
1285,disappointed,निराश,negative
1286,disappointing,निराशाजनक,negative
1287,disappointments,निराशा,negative
1288,disaster,आपदा,negative
1289,disastrous,विनाशकारी,negative
1290,discomfort,में,negative
1291,discontinued,बंद,negative
1292,discord,कलह,negative
1293,discourage,को,negative
1294,discrimination,भेदभाव,negative
1295,disdain,घृणा,negative
1296,disgrace,अपमान,negative
1297,dishonest,बेईमान,negative
1298,dishonor,अनादर,negative
1299,dislike,नापसंदगी,negative
1300,dislikes,नापसंद,negative
1301,dislocated,अव्यवस्थित,negative
1302,disobedience,अवज्ञा,negative
1303,disorder,विकार,negative
1304,dispute,विवाद,negative
1305,disputed,विवादित,negative
1306,disruption,व्यवधान,negative
1307,dissatisfied,असंतुष्ट,negative
1308,dissed,का,negative
1309,dissonance,मतभेद,negative
1310,distortion,डिस्टोर्शन,negative
1311,distress,संकट,negative
1312,disturb,परेशान,negative
1313,disturbance,हंगामा,negative
1314,dizzy,चक्कर,negative
1315,doom,कयामत,negative
1316,dope,डोप,negative
1317,doubt,शक,negative
1318,doubtful,संदिग्ध,negative
1319,doubts,संदेह,negative
1320,downside,सवाल,negative
1321,drag,खींचें,negative
1322,drain,नाली,negative
1323,drained,वाली,negative
1324,drastic,भारी,negative
1325,drawback,ड्रॉबैक,negative
1326,dreadful,भयानक,negative
1327,drop-out,drop-out,negative
1328,drop-outs,drop-outs,negative
1329,dropout,छोड़ने,negative
1330,drought,सूखे,negative
1331,drowning,डूब,negative
1332,drunk,नशे,negative
1333,dubious,इस,negative
1334,dull,सुस्त,negative
1335,dumb,गूंगा,negative
1336,dump,डंप,negative
1337,dumped,की,negative
1338,dungeon,कालकोठरी,negative
1339,dust,धूल,negative
1340,dusty,गन्दे,negative
1341,dying,दम,negative
1342,elimination,निष्कासन,negative
1343,embarrass,शर्मिंदा,negative
1344,embarrassing,शर्मनाक,negative
1345,emergency,आपातकालीन,negative
1346,enemies,दुश्मन,negative
1347,enemy,दुश्मन,negative
1348,entangle,को,negative
1349,envious,सम्मोहक,negative
1350,epidemic,संक्रामक,negative
1351,erase,मिटा,negative
1352,erosion,कटाव,negative
1353,error,त्रुटि,negative
1354,errors,त्रुटियां,negative
1355,escapade,एस्कपेड,negative
1356,evasion,की,negative
1357,evil,बुराई,negative
1358,exaggeration,अतिशयोक्ति,negative
1359,excessive,अत्यधिक,negative
1360,excessively,देना,negative
1361,exclusion,अपवर्जन,negative
1362,excuse,बहाना,negative
1363,excuses,बहाने,negative
1364,exhaust,निकास,negative
1365,exhausted,थका,negative
1366,expensive,महंगा,negative
1367,expire,समाप्त,negative
1368,expired,समाप्त,negative
1369,explode,लगभग,negative
1370,exploit,शोषित,negative
1371,exploitation,शोषण,negative
1372,explosive,विस्फोटक,negative
1373,extinguish,कब,negative
1374,extravagant,खर्चीले,negative
1375,fabrication,निर्माण,negative
1376,fail,विफल,negative
1377,failed,विफल,negative
1378,fails,विफल,negative
1379,failure,विफलता,negative
1380,failures,विफलता,negative
1381,faint,कमजोर,negative
1382,fake,नकली,negative
1383,fall,पड़ना,negative
1384,fallen,प्यार,negative
1385,falling,गिरना,negative
1386,falls,नीचे,negative
1387,false,बनावटी,negative
1388,famine,दुष्काल,negative
1389,fanatic,कट्टर,negative
1390,fanatics,फैनाटिक्स,negative
1391,far-fetched,far-fetched,negative
1392,farce,को,negative
1393,fascism,फासीवाद,negative
1394,fascist,फासीवादी,negative
1395,fat,वसा,negative
1396,fatal,घातक,negative
1397,fatigue,थकान,negative
1398,fatty,फैटी,negative
1399,fault,आखिर,negative
1400,faulty,दोषपूर्ण,negative
1401,fear,डर,negative
1402,fears,भय,negative
1403,feckless,बेफिक्र,negative
1404,fell,गिर,negative
1405,fever,वात,negative
1406,fickle,चंचल,negative
1407,fiction,काल्पनिक,negative
1408,fictional,काल्पनिक,negative
1409,fiend,के,negative
1410,fierce,बहतरीन,negative
1411,fist,मुट्ठी,negative
1412,flagging,फ्लैगिंग,negative
1413,flair,मज़ा,negative
1414,flake,पागल,negative
1415,flare,चमकाना,negative
1416,flat-out,flat-out,negative
1417,flaunt,लैक्मे,negative
1418,flaw,दोष,negative
1419,flawed,त्रुटिपूर्ण,negative
1420,flee,पिस्सू,negative
1421,fleeting,क्षणिक,negative
1422,flirt,फ्लर्ट,negative
1423,flirty,शोख,negative
1424,foe,दुश्मन,negative
1425,fool,बेवकूफ,negative
1426,fooled,ने,negative
1427,foolish,बेवकूफ,negative
1428,forbid,न,negative
1429,forbidden,वर्जित,negative
1430,forged,ने,negative
1431,foul,एक,negative
1432,fracture,फ्रैक्चर,negative
1433,fragile,दुर्बल,negative
1434,fraud,फ्रॉड,negative
1435,freak,सनकी,negative
1436,freaking,अनूठे,negative
1437,freaks,सामने,negative
1438,freeze,फ्रीज,negative
1439,freezing,हिमांक,negative
1440,fried,तला,negative
1441,fright,भय,negative
1442,frighten,फ्राइटन,negative
1443,frost,तैयार,negative
1444,frozen,जमे,negative
1445,frustrating,निराशाजनक,negative
1446,frustration,भड़ास,negative
1447,fucking,जबर्दस्त,negative
1448,full-blown,full-blown,negative
1449,fume,धुएं,negative
1450,funky,फंकी,negative
1451,funny,मजेदार,negative
1452,furious,फ्यूरियस,negative
1453,fury,कहर,negative
1454,fuss,उपद्रव,negative
1455,futile,व्यर्थ,negative
1456,fuzzy,फजी,negative
1457,gangster,गैंगस्टर,negative
1458,garbage,कचरा,negative
1459,gasp,सांस,negative
1460,glare,चमक,negative
1461,glitches,ग्लिचिस,negative
1462,gloom,निराशा,negative
1463,gloomy,उदास,negative
1464,god-awful,god-awful,negative
1465,goof,मूर्ख,negative
1466,gossip,गपशप,negative
1467,grate,घिस,negative
1468,greed,लालच,negative
1469,greedy,लालची,negative
1470,grievance,शिकायत,negative
1471,grievances,शिकायतों,negative
1472,grind,पीसने,negative
1473,gross,सकल,negative
1474,grouse,ग्रोउस,negative
1475,grudge,शिकायत,negative
1476,grumpy,क्रोधी,negative
1477,guilty,दोषी,negative
1478,gutter,गटर,negative
1479,hack,हैक,negative
1480,hang,लटका,negative
1481,hangs,ने,negative
1482,harassment,उत्पीड़न,negative
1483,hard,मुश्किल,negative
1484,hard-line,hard-line,negative
1485,hardship,कठिनाई,negative
1486,harm,नुकसान,negative
1487,harmful,हानिकारक,negative
1488,harsh,कठोर,negative
1489,hassle,परेशानी,negative
1490,hassles,बाधा,negative
1491,hate,नफरत,negative
1492,hated,नफ़रत,negative
1493,haters,हैर्ट्स,negative
1494,hatred,घृणा,negative
1495,haunting,बार,negative
1496,havoc,कहर,negative
1497,hazard,जोखिम,negative
1498,hazardous,खतरनाक,negative
1499,haze,गान्जा,negative
1500,head-aches,head-aches,negative
1501,headache,सिर,negative
1502,heartless,हृदयहीन,negative
1503,heavy-handed,heavy-handed,negative
1504,heck,निकलो,negative
1505,hectic,व्यस्त,negative
1506,hedge,बचाव,negative
1507,hefty,पर,negative
1508,heinous,जघन्य,negative
1509,hell,नरक,negative
1510,hells,हीलें,negative
1511,heresy,हरसे,negative
1512,high-priced,high-priced,negative
1513,hinder,बनी,negative
1514,ho-hum,ho-hum,negative
1515,hogs,सूअर,negative
1516,hollow,खोखला,negative
1517,hopeless,निराशाजनक,negative
1518,hopelessly,निराशाजनक,negative
1519,hopelessness,निराशा,negative
1520,horde,होर्ड,negative
1521,horrible,भयानक,negative
1522,hostile,नकारात्मक,negative
1523,hostilities,लोग,negative
1524,hostility,दुश्मनी,negative
1525,hum,द,negative
1526,humid,नमी,negative
1527,hung,लटका,negative
1528,hurt,चोट,negative
1529,hurting,को,negative
1530,hurts,दर्द,negative
1531,hype,प्रचार,negative
1532,idiot,बेवकूफ,negative
1533,idiots,बेवकूफ,negative
1534,idle,निष्क्रिय,negative
1535,ignorance,अज्ञानता,negative
1536,ignorant,अज्ञानी,negative
1537,ignore,को,negative
1538,ill-advised,ill-advised,negative
1539,ill-conceived,ill-conceived,negative
1540,ill-defined,ill-defined,negative
1541,ill-designed,ill-designed,negative
1542,ill-fated,ill-fated,negative
1543,illegal,अवैध,negative
1544,illiterate,इन,negative
1545,illness,बीमारी,negative
1546,illusion,भ्रम,negative
1547,illusions,भ्रम,negative
1548,immoral,अग्निवर्ण,negative
1549,impatient,अधीर,negative
1550,impatiently,बेसब्री,negative
1551,impedance,प्रतिबाधा,negative
1552,impediment,रुकावट,negative
1553,impending,आनेवाली,negative
1554,imperfect,अपूर्ण,negative
1555,imperfectly,अपूर्ण,negative
1556,implication,प्रभाव,negative
1557,impose,लागू,negative
1558,impossible,असंभव,negative
1559,impractical,नेहरु,negative
1560,impulsive,ये,negative
1561,inaccuracies,गलतियों,negative
1562,inaccuracy,गलती,negative
1563,inaccurate,अनुचित,negative
1564,inactive,निष्क्रिय,negative
1565,inappropriate,अनुपयुक्त,negative
1566,inclement,खराब,negative
1567,incomplete,अपूर्ण,negative
1568,inconsistent,असंगत,negative
1569,inconvenience,असुविधा,negative
1570,incorrect,गलत,negative
1571,indignant,क्रोधित,negative
1572,indignation,क्रोध,negative
1573,indulge,खो,negative
1574,ineligible,अयोग्य,negative
1575,inequality,असमानता,negative
1576,inevitable,ज़रुरी,negative
1577,inexperienced,अनुभवहीन,negative
1578,infected,संक्रमित,negative
1579,infection,संक्रमण,negative
1580,infections,संक्रमण,negative
1581,infernal,नारकीय,negative
1582,inflammatory,ज्वलनशील,negative
1583,infringement,उल्लंघन,negative
1584,inhibition,अवरोधन,negative
1585,injurious,हानिकारक,negative
1586,injury,चोट,negative
1587,injustice,अन्याय,negative
1588,insane,पागल,negative
1589,insanity,सबब,negative
1590,insatiable,लालची,negative
1591,insecurity,असुरक्षा,negative
1592,insensitive,असंवेदनशील,negative
1593,insufficient,अपर्याप्त,negative
1594,insult,अपमान,negative
1595,insulting,अपमान,negative
1596,insurmountable,दूर,negative
1597,intense,प्रचण्ड,negative
1598,interfere,हस्तक्षेप,negative
1599,interference,दखल,negative
1600,intermittent,रुक,negative
1601,intolerable,असहनीय,negative
1602,intolerance,असहिष्णुता,negative
1603,intrusion,आतंकवादी,negative
1604,invader,इन्वेडर,negative
1605,invalid,अमान्य,negative
1606,invasive,आक्रामक,negative
1607,invisible,अदृश्य,negative
1608,irony,विडम्बना,negative
1609,irregular,टायर,negative
1610,irregularity,की,negative
1611,irritable,इर्रिटेबल,negative
1612,irritate,जलन,negative
1613,irritating,तकलीफदेह,negative
1614,irritation,जलन,negative
1615,irritations,जलन,negative
1616,isolate,अलग,negative
1617,isolated,एकांत,negative
1618,issue,मुद्दा,negative
1619,issues,मुद्दे,negative
1620,itch,खुजली,negative
1621,itching,खुजली,negative
1622,itchy,खुजली,negative
1623,jagged,दांतेदार,negative
1624,jam,जाम,negative
1625,jealous,जलन,negative
1626,jealousy,डाह,negative
1627,jeopardize,खतरे,negative
1628,jeopardy,खतरे,negative
1629,jerk,झटकें,negative
1630,jerky,जर्की,negative
1631,joke,मजाक,negative
1632,junk,जंक,negative
1633,kill,मारना,negative
1634,killed,मारा,negative
1635,killer,किलर,negative
1636,killing,मार,negative
1637,kills,मारता,negative
1638,knife,चाकू,negative
1639,knock,दस्तक,negative
1640,lack,कमी,negative
1641,lacking,कमी,negative
1642,lacks,का,negative
1643,lag,अंतराल,negative
1644,lags,पीछे,negative
1645,laid-off,laid-off,negative
1646,lame,कमजोर,negative
1647,lapse,चूक,negative
1648,last-ditch,last-ditch,negative
1649,lazy,आलसी,negative
1650,leak,रिसाव,negative
1651,leakage,लीकेज,negative
1652,leaking,लीक,negative
1653,leaks,लीक,negative
1654,lemon,नींबू,negative
1655,lengthy,लंबी,negative
1656,lesser-known,lesser-known,negative
1657,lethal,जानलेवा,negative
1658,lethargic,सुस्त,negative
1659,liability,दायित्व,negative
1660,liable,उत्तरदायी,negative
1661,liar,झूठे,negative
1662,liars,के,negative
1663,lie,झूठ,negative
1664,lied,झूठ,negative
1665,lier,बहुत,negative
1666,lies,झूठ,negative
1667,life-threatening,life-threatening,negative
1668,limit,सीमा,negative
1669,limitation,सीमा,negative
1670,limitations,सीमाओं,negative
1671,limited,सीमित,negative
1672,limits,सीमा,negative
1673,limp,लिम्प,negative
1674,little-known,little-known,negative
1675,loathe,नफरत,negative
1676,loathing,घृणा,negative
1677,lone,लोन,negative
1678,loneliness,तन्हाई,negative
1679,lonely,अकेला,negative
1680,long-time,long-time,negative
1681,long-winded,long-winded,negative
1682,loose,ढीला,negative
1683,loot,लूट,negative
1684,lose,खोना,negative
1685,loser,हारने,negative
1686,losers,फिसड्डियों,negative
1687,loses,हारी,negative
1688,losing,घटाना,negative
1689,loss,हानि,negative
1690,losses,हानियों,negative
1691,lost,खोया,negative
1692,loud,जोर,negative
1693,louder,की,negative
1694,lukewarm,गुनगुने,negative
1695,lure,प्रलोभन,negative
1696,lying,झूठ,negative
1697,mad,पागल,negative
1698,maddening,ही,negative
1699,madly,पागल,negative
1700,madman,मैडमैन,negative
1701,madness,पागलपन,negative
1702,malicious,खराब,negative
1703,malignant,घातक,negative
1704,mania,उन्माद,negative
1705,manipulate,हेरफेर,negative
1706,manipulation,हेरफेर,negative
1707,mar,मार,negative
1708,marginal,सीमांत,negative
1709,martyrdom,तौर,negative
1710,mashed,मैश,negative
1711,massacre,नरसंहार,negative
1712,matte,मैट,negative
1713,mediocre,अजीब,negative
1714,mess,गड़बड़,negative
1715,mindless,नासमझ,negative
1716,miscellaneous,विविध,negative
1717,mischief,शरारत,negative
1718,misconception,धारणा,negative
1719,misconceptions,गलतफहमी,negative
1720,miserable,चालाक,negative
1721,misery,दुख,negative
1722,misguided,गुमराह,negative
1723,mislead,गुमराह,negative
1724,misleading,भ्रामक,negative
1725,miss,याद,negative
1726,missed,याद,negative
1727,mist,धुंध,negative
1728,mistake,गलती,negative
1729,mistaken,गलत,negative
1730,mistakes,गलतियाँ,negative
1731,mistress,मालकिन,negative
1732,misunderstand,गलत,negative
1733,misunderstanding,गलतफहमी,negative
1734,misunderstood,गलत,negative
1735,misuse,दुरुपयोग,negative
1736,moan,विलाप,negative
1737,mock,नकली,negative
1738,mocked,का,negative
1739,molestation,दुष्कर्म,negative
1740,monster,राक्षस,negative
1741,moot,विवादास्पद,negative
1742,moron,मूर्ख,negative
1743,motionless,स्थिर,negative
1744,mourn,ने,negative
1745,muddy,गंदा,negative
1746,murder,हत्या,negative
1747,murderer,मार,negative
1748,musty,बासी,negative
1749,mystery,रहस्य,negative
1750,myth,मिथक,negative
1751,nagging,परेशान,negative
1752,naive,भोले,negative
1753,narrower,क्या,negative
1754,nasty,गंदी,negative
1755,naughty,शरारती,negative
1756,needlessly,बेवजह,negative
1757,needy,जरूरतमंद,negative
1758,negative,नकारात्मक,negative
1759,negligence,लापरवाही,negative
1760,nervous,तंत्रिका,negative
1761,nightmare,बुरे,negative
1762,noise,शोर,negative
1763,noisy,शोर,negative
1764,nonsense,बकवास,negative
1765,nuisance,बनी,negative
1766,numb,सुन्न,negative
1767,obese,मोटे,negative
1768,object,वस्तु,negative
1769,objection,आपत्ति,negative
1770,objectionable,आपत्तिजनक,negative
1771,objections,आपत्ति,negative
1772,obscene,अश्लील,negative
1773,obsessive,ज़ुनूनी,negative
1774,obstructing,बाधा,negative
1775,odd,विषम,negative
1776,oddity,विषमता,negative
1777,odor,गंध,negative
1778,offence,अपराध,negative
1779,offender,अपराधी,negative
1780,offensive,अपमानजनक,negative
1781,omission,चूक,negative
1782,one-sided,one-sided,negative
1783,opponent,प्रतिद्वंद्वी,negative
1784,opposition,मुखर,negative
1785,oppression,उत्पीड़न,negative
1786,outsider,यह,negative
1787,over-hyped,over-hyped,negative
1788,over-priced,over-priced,negative
1789,overdue,काफी,negative
1790,overloaded,ओवरलोडेड,negative
1791,overpriced,अत्यधिक,negative
1792,overrated,अहंकारी,negative
1793,oversight,पर्यवेक्षण,negative
1794,overwhelming,भारी,negative
1795,pain,दर्द,negative
1796,painful,दर्दनाक,negative
1797,pains,पीड़ा,negative
1798,pale,पीली,negative
1799,pan,पैन,negative
1800,panic,आकस्मिक,negative
1801,paranoid,पागल,negative
1802,parody,पैरोडी,negative
1803,passe,पुराने,negative
1804,passive,परोक्ष,negative
1805,pathetic,दयनीय,negative
1806,paucity,कमी,negative
1807,payback,ऋण,negative
1808,penalty,दंड,negative
1809,peril,पेरिल,negative
1810,pessimistic,निराशावादी,negative
1811,pest,कीट,negative
1812,petrified,सख्त,negative
1813,petty,खुदरा,negative
1814,pig,सुअर,negative
1815,pigs,सूअर,negative
1816,pinch,चुटकी,negative
1817,pity,बेचारा,negative
1818,plague,प्लेग,negative
1819,plea,याचिकाओं,negative
1820,pleas,कृपया,negative
1821,plight,आंसू,negative
1822,plot,प्लॉट,negative
1823,ploy,पॉली,negative
1824,poison,विष,negative
1825,poisonous,जहरीली,negative
1826,pollute,मैली,negative
1827,polution,प्रदूषण,negative
1828,poor,गरीब,negative
1829,poorly,खराब,negative
1830,poverty,गरीबी,negative
1831,predatory,दरिंदगी,negative
1832,prejudice,पूर्वाग्रह,negative
1833,pretend,का,negative
1834,prick,चुभाया,negative
1835,primitive,प्राथमिक,negative
1836,prison,जेल,negative
1837,prisoner,कैदी,negative
1838,problem,समस्या,negative
1839,problems,समस्याएं,negative
1840,profanity,गाली,negative
1841,prohibitively,बेहद,negative
1842,proprietary,मालिकाना,negative
1843,protest,पानी,negative
1844,protesting,विरोध,negative
1845,protests,सरकार,negative
1846,punch,पंच,negative
1847,punish,दंडित,negative
1848,punishable,दंडनीय,negative
1849,punitive,दंडात्मक,negative
1850,punk,पंक,negative
1851,puppet,कठपुतली,negative
1852,puzzled,हैरान,negative
1853,queer,क्वीयर,negative
1854,rabid,पागल,negative
1855,racism,कि,negative
1856,racist,जातिवाद,negative
1857,radical,मूलक,negative
1858,rage,क्रोध,negative
1859,raging,लगाना,negative
1860,rail,रेल,negative
1861,rampage,की,negative
1862,randomly,अचानक,negative
1863,rape,रेप,negative
1864,raped,आबरू,negative
1865,rash,रेश,negative
1866,recession,मंदी,negative
1867,reckless,लापरवाह,negative
1868,recoil,वापसी,negative
1869,redundancy,अतिरिक्तता,negative
1870,redundant,निरर्थक,negative
1871,refusal,से,negative
1872,refuse,मना,negative
1873,refused,मना,negative
1874,refusing,मना,negative
1875,regression,प्रतिगमन,negative
1876,regret,अफसोस,negative
1877,regrets,पछतावे,negative
1878,reject,रिजेक्ट,negative
1879,rejected,रिजेक्ट,negative
1880,rejection,अस्वीकृति,negative
1881,rejects,ने,negative
1882,relentless,इरादा,negative
1883,remorse,पछतावा,negative
1884,repetitive,दोहराए,negative
1885,repulsive,प्रतिकारक,negative
1886,resent,गुस्सा,negative
1887,resignation,इस्तीफा,negative
1888,resigned,त्याग,negative
1889,resistance,प्रतिरोध,negative
1890,restless,बेचैन,negative
1891,restlessness,बैचेनी,negative
1892,restricted,प्रतिबंधित,negative
1893,retard,मंदबुद्धि,negative
1894,retarded,मंदबुद्धि,negative
1895,retreat,पीछे,negative
1896,revenge,प्रतिशोध,negative
1897,rhetorical,वाकपटुता,negative
1898,rift,दरार,negative
1899,rigid,सख्त,negative
1900,rip,आरआईपी,negative
1901,rip-off,rip-off,negative
1902,ripoff,रिपोफ,negative
1903,ripped,रिप्पड़,negative
1904,risk,जोखिम,negative
1905,risks,जोखिम,negative
1906,rival,प्रतिद्वंद्वी,negative
1907,rocky,रॉकी,negative
1908,rogue,दुष्ट,negative
1909,rotten,सड़ा,negative
1910,rough,रफ,negative
1911,rubbish,बकवास,negative
1912,rude,अशिष्ट,negative
1913,rue,रुए,negative
1914,ruin,बर्बाद,negative
1915,ruined,का,negative
1916,ruining,को,negative
1917,ruins,खंडहर,negative
1918,rumor,अफ़वाह,negative
1919,rumors,अफवाहों,negative
1920,rumours,अफवाहें,negative
1921,run-down,run-down,negative
1922,runaway,भगोड़ा,negative
1923,rust,जंग,negative
1924,ruthless,ग़लती,negative
1925,sack,बोरी,negative
1926,sad,दुख,negative
1927,sadden,उदास,negative
1928,sadness,बदली,negative
1929,sagging,ढीली,negative
1930,sap,एसएपी,negative
1931,sarcastic,व्यंग्यात्मक,negative
1932,satirical,अपनी,negative
1933,scam,घोटाला,negative
1934,scams,धांधली,negative
1935,scandal,घोटाले,negative
1936,scandalous,सनसनीखेज,negative
1937,scar,वह,negative
1938,scare,डर,negative
1939,scared,डर,negative
1940,scary,डरावना,negative
1941,sceptical,संशयी,negative
1942,scorching,भीषण,negative
1943,scrambled,तले,negative
1944,scrap,रद्दी,negative
1945,scratch,खरोंच,negative
1946,scratched,खरोच,negative
1947,scratches,खरोंच,negative
1948,scream,चीखता,negative
1949,screw-up,screw-up,negative
1950,screwed-up,screwed-up,negative
1951,second-tier,second-tier,negative
1952,self-defeating,self-defeating,negative
1953,self-destructive,self-destructive,negative
1954,self-interest,self-interest,negative
1955,self-serving,self-serving,negative
1956,selfish,स्वार्थी,negative
1957,senseless,बेदह,negative
1958,set-up,set-up,negative
1959,severe,गंभीर,negative
1960,severity,गंभीरता,negative
1961,shabby,इतना,negative
1962,shady,संदेहात्मक,negative
1963,shake,शेक,negative
1964,shallow,उथला,negative
1965,sham,शैम,negative
1966,shame,शर्म,negative
1967,shameful,शर्मनाक,negative
1968,shameless,बेशर्म,negative
1969,shark,शार्क,negative
1970,shiver,का,negative
1971,shock,झटका,negative
1972,shocked,सदमे,negative
1973,shocking,दहला,negative
1974,short-lived,घुसपैठ,negative
1975,shortage,की,negative
1976,shortness,तकलीफ,negative
1977,shun,भी,negative
1978,sick,बीमार,negative
1979,sickness,सिकनेस,negative
1980,siege,अवरोध,negative
1981,silly,मूर्ख,negative
1982,sin,पाप,negative
1983,sink,सिंक,negative
1984,sinking,ऋण,negative
1985,skeletons,नर,negative
1986,skeptical,उलझन,negative
1987,skinny,दुबला,negative
1988,slack,मंदी,negative
1989,slander,बदनाम,negative
1990,slap,थप्पड़,negative
1991,slaughter,प्रचारित,negative
1992,slave,गुलाम,negative
1993,slaves,दासों,negative
1994,slime,टोडस,negative
1995,slow,धीमा,negative
1996,slow-moving,slow-moving,negative
1997,slower,धीमी,negative
1998,slowly,धीरे,negative
1999,slump,मज़बूती,negative
2000,slur,कलंक,negative
2001,sly,स्लाइ,negative
2002,smack,स्मैक,negative
2003,smash,स्मैश,negative
2004,smear,स्मीयर,negative
2005,smell,गंध,negative
2006,smoke,धूम्रपान,negative
2007,snare,छवि,negative
2008,sneak,चुपके,negative
2009,sneaky,डर,negative
2010,soapy,साबुनदार,negative
2011,sober,सोबर,negative
2012,sore,दुखती,negative
2013,sorrow,गम,negative
2014,sorrowful,दुखद,negative
2015,sorry,माफ़,negative
2016,sour,खट्टी,negative
2017,spank,शिकस्त,negative
2018,spews,उगलती,negative
2019,spilling,रिसाव,negative
2020,split,बंटी,negative
2021,spoiled,खराब,negative
2022,spoils,लूट,negative
2023,sporadic,छिटपुट,negative
2024,spurious,झूठा,negative
2025,squash,स्क्वैश,negative
2026,stab,वार,negative
2027,stain,दाग,negative
2028,stall,स्टाल,negative
2029,static,स्थैतिक,negative
2030,steal,कम,negative
2031,stealing,की,negative
2032,steep,खड़ी,negative
2033,stench,बदबू,negative
2034,stereotype,रूढ़िवादी,negative
2035,stereotypical,हो,negative
2036,stern,स्टर्न,negative
2037,stew,का,negative
2038,sticky,चिपचिपा,negative
2039,stiff,कठोर,negative
2040,sting,वाला,negative
2041,stink,बदबूदार,negative
2042,stole,चुरा,negative
2043,stolen,चोरी,negative
2044,stormy,तूफानी,negative
2045,strain,विकृति,negative
2046,strange,अजीब,negative
2047,stranger,अजनबी,negative
2048,strangle,गला,negative
2049,strenuous,श्रमसाध्य,negative
2050,stress,तनाव,negative
2051,strict,सख्त,negative
2052,strictly,कठोरता,negative
2053,strife,का,negative
2054,strike,हड़ताल,negative
2055,stringent,कड़े,negative
2056,struck,मारा,negative
2057,struggle,संघर्ष,negative
2058,struggled,संघर्ष,negative
2059,struggles,संघर्ष,negative
2060,struggling,संघर्ष,negative
2061,stubborn,जिद्दी,negative
2062,stuck,फंस,negative
2063,stuffy,भरी,negative
2064,stumble,टकराओ,negative
2065,stumped,अटक,negative
2066,stun,को,negative
2067,stunt,स्टंट,negative
2068,stupid,बेवकूफ,negative
2069,stupidity,मूर्खता,negative
2070,sub-par,sub-par,negative
2071,subdued,की,negative
2072,succumb,सामने,negative
2073,suck,चुसाई,negative
2074,sucked,लगभग,negative
2075,sucks,बेकार,negative
2076,sue,मुकदमा,negative
2077,suffer,पीड़ित,negative
2078,suffered,सही,negative
2079,suffering,बेहाल,negative
2080,suffers,भुगतता,negative
2081,suicide,की,negative
2082,sunk,दर्रे,negative
2083,suppression,को,negative
2084,surrender,आत्मसमर्पण,negative
2085,suspicion,अविश्वास,negative
2086,suspicious,संदिग्ध,negative
2087,swelling,सूजन,negative
2088,swipe,स्वाइप,negative
2089,swollen,सूजे,negative
2090,symptom,लक्षण,negative
2091,symptoms,लक्षण,negative
2092,syndrome,सिंड्रोम,negative
2093,tank,टैंक,negative
2094,tanks,टैंकों,negative
2095,tease,चिढ़ाओ,negative
2096,temper,गुस्सा,negative
2097,temptation,प्रलोभन,negative
2098,tenderness,मृदुता,negative
2099,tense,काल,negative
2100,tension,तनाव,negative
2101,terrible,भयानक,negative
2102,terror,आतंक,negative
2103,terrorism,आतंकवाद,negative
2104,thicker,मोटे,negative
2105,thirst,प्यास,negative
2106,threat,खतरा,negative
2107,threaten,धमकी,negative
2108,threatening,धमकानेवाला,negative
2109,threats,खतरों,negative
2110,threesome,त्रिगुट,negative
2111,throttle,थ्रॉटल,negative
2112,thumbs-down,thumbs-down,negative
2113,time-consuming,time-consuming,negative
2114,tin-y,tin-y,negative
2115,tired,थक,negative
2116,tiring,थका,negative
2117,toll,टोल,negative
2118,top-heavy,top-heavy,negative
2119,tormented,उन्हें,negative
2120,torrent,टोरेंट,negative
2121,torture,टार्चर,negative
2122,toughness,कठोरता,negative
2123,toxic,विषाक्त,negative
2124,tragic,दुखद,negative
2125,trap,जाल,negative
2126,trapped,फंस,negative
2127,trash,कचरा,negative
2128,traumatic,तंत्रीय,negative
2129,trick,उलझाए,negative
2130,tricky,खरीदना,negative
2131,trivial,खराब,negative
2132,trouble,मुसीबत,negative
2133,troubled,तंग,negative
2134,troubles,परेशानी,negative
2135,tumble,मशीन,negative
2136,tumbled,लो,negative
2137,turmoil,हंगामा,negative
2138,twist,मोड़,negative
2139,twisted,ट्विस्टेड,negative
2140,two-faced,दोहरा,negative
2141,tyranny,अत्याचार,negative
2142,ugh,ऊ,negative
2143,ugliest,बदसूरत,negative
2144,ugly,बदसूरत,negative
2145,ultimatum,अल्टीमेटम,negative
2146,un-viewable,un-viewable,negative
2147,unable,में,negative
2148,unavailable,अनुपलब्ध,negative
2149,unbelievable,अविश्वसनीय,negative
2150,uncomfortable,असहज,negative
2151,uncontrolled,अनियंत्रित,negative
2152,undecided,अनिश्चित,negative
2153,undefined,अपरिभाषित,negative
2154,underestimate,कम,negative
2155,undone,पूर्ववत,negative
2156,unethical,के,negative
2157,unexpected,अप्रत्याशित,negative
2158,unfavorable,प्रतिकूल,negative
2159,unforeseen,अप्रत्याशित,negative
2160,unfortunate,असहाय,negative
2161,unfortunately,दुर्भाग्य,negative
2162,unfounded,निराधार,negative
2163,unfriendly,प्रतिकूल,negative
2164,unhappy,नाखुश,negative
2165,unhealthy,अस्वास्थ्यकर,negative
2166,unknown,अज्ञात,negative
2167,unleash,से,negative
2168,unlicensed,लाइसेंसरहित,negative
2169,unlikely,संभावना,negative
2170,unlucky,अभागिन,negative
2171,unnecessary,अनावश्यक,negative
2172,unnoticed,छुप,negative
2173,unorthodox,अनआर्थोडॉक्स,negative
2174,unpleasant,अप्रिय,negative
2175,unpredictable,अप्रत्याशित,negative
2176,unreasonable,अकारण,negative
2177,unresolved,अनसुलझे,negative
2178,unrest,अशांति,negative
2179,unskilled,अकुशल,negative
2180,unstable,अस्थिर,negative
2181,unsuccessful,नाकामयाब,negative
2182,unsure,अनिश्चित,negative
2183,untimely,असामयिक,negative
2184,unusual,असामान्य,negative
2185,unusually,असाधारण,negative
2186,unwanted,गलती,negative
2187,unwell,बीमार,negative
2188,uprising,उठ,negative
2189,uproar,मचा,negative
2190,upset,परेशान,negative
2191,urgent,जरूरी,negative
2192,useless,आश्चर्यजनक,negative
2193,vain,व्यर्थ,negative
2194,vengeance,प्रतिशोध,negative
2195,vent,निकास,negative
2196,vibrating,हिल,negative
2197,vibration,स्पंदन,negative
2198,vice,वाइस,negative
2199,vicious,दुष्ट,negative
2200,violate,का,negative
2201,violation,उल्लंघन,negative
2202,violent,हिंसा,negative
2203,viper,वाइपर,negative
2204,virus,वायरस,negative
2205,volatile,वाष्पशील,negative
2206,volatility,अस्थिरता,negative
2207,vomiting,उल्टी,negative
2208,vulgar,अश्लील,negative
2209,warned,चेतावनी,negative
2210,warning,चेतावनी,negative
2211,warp,वार्प,negative
2212,washed-out,washed-out,negative
2213,waste,अपशिष्ट,negative
2214,wasted,निरर्थक,negative
2215,wasting,बर्बाद,negative
2216,weak,कमजोर,negative
2217,weakness,कमजोरी,negative
2218,weaknesses,कमजोरियां,negative
2219,wedge,वेज,negative
2220,weed,खरपतवार,negative
2221,weep,रोता,negative
2222,weird,अजीब,negative
2223,whimper,कारण,negative
2224,wicked,दुष्ट,negative
2225,wild,जंगली,negative
2226,woe,शर्म,negative
2227,worn,पहना,negative
2228,worried,चिंतित,negative
2229,worries,चिंता,negative
2230,worry,चिंता,negative
2231,worrying,चिंता,negative
2232,worse,बदतर,negative
2233,worst,सबसे,negative
2234,worthless,बेकार,negative
2235,wound,घाव,negative
2236,wounds,घाव,negative
2237,wrath,प्रकोप,negative
2238,wreck,रैल्फ,negative
2239,wrinkle,शिकन,negative
2240,wrinkles,झुर्रियों,negative
2241,wrong,गलत,negative
2242,wrongly,गलत,negative
2243,zap,ज़ैप,negative
2244,zombie,ज़ोंबी,negative
